SIPARIS_NO;PARA_BIRIMI;TOPLAM;TOPLAM_TRY
TI12026000000738;TL;46000;46000
TI12026000000793;TL;39000;39000
2601-48732-;EUR;509536.09;26492803.514792286
2601-48732-;EUR;48945.59;2544875.474444964
2601-48732-;EUR;111696.34;5807536.005823324
S.ACM.GKÇ.000078;EUR;588820.56;30615117.76633911
S.ACM.GKÇ.000078;EUR;1347805.56;70077760.09982842
S.ACM.GKÇ.000078;EUR;0;0
S.ACM.GKÇ.000078;EUR;0;0
S.ACM.GKÇ.000078;EUR;0;0
S.ACM.GKÇ.000078;EUR;0;0
S.ACM.GKÇ.000078;EUR;0;0
S.ACM.GKÇ.000078;EUR;0;0
VJ019;EUR;28725.55;1493555.3475796806
VJ019;EUR;18269.63;949910.5703738367
S.ACM.TOS.000005;TL;0;0
S.ACM.TOS.000005;TL;0;0
S.ACM.TOS.000005;TL;0;0
S.ACM.TOS.000005;TL;0;0
S.ACM.YNÇ.000002;TL;72000;72000
S.ACM.YNÇ.000002;TL;72000;72000
S.ACM.YNÇ.000002;TL;408000;408000
S.ACM.YNÇ.000002;TL;408000;408000
S.ACM.YNÇ.000002;TL;408000;408000
S.ACM.YNÇ.000002;TL;408000;408000
S.ACM.YNÇ.000002;TL;408000;408000
S.ACM.YNÇ.000002;TL;408000;408000
S.ACM.YNÇ.000002;TL;408000;408000
S.ACM.YNÇ.000002;TL;408000;408000
S.ACM.YNÇ.000002;TL;408000;408000
S.ACM.YNÇ.000002;TL;408000;408000
S.ACM.YNÇ.000002;TL;408000;408000
S.ACM.YNÇ.000002;TL;408000;408000
S.ACM.YNÇ.000002;TL;408000;408000
S.ACM.YNÇ.000002;TL;408000;408000
S.ACM.YNÇ.000002;TL;408000;408000
S.ACM.YNÇ.000002;TL;408000;408000
S.ACM.YNÇ.000002;TL;408000;408000
S.ACM.YNÇ.000002;TL;408000;408000
S.ACM.YNÇ.000002;TL;408000;408000
S.ACM.YNÇ.000002;TL;408000;408000
S.ACM.YNÇ.000002;TL;408000;408000
S.ACM.YNÇ.000002;TL;408000;408000
S.ACM.YNÇ.000002;TL;408000;408000
S.ACM.YNÇ.000002;TL;408000;408000
S.ACM.YNÇ.000002;TL;408000;408000
S.ACM.YNÇ.000002;TL;408000;408000
S.ACM.YNÇ.000002;TL;408000;408000
S.ACM.YNÇ.000002;TL;408000;408000
S.ACM.YNÇ.000002;TL;408000;408000
S.ACM.YNÇ.000002;TL;408000;408000
S.ACM.YNÇ.000002;TL;408000;408000
S.ACM.YNÇ.000002;TL;408000;408000
S.ACM.TOS.000005;TL;0;0
OZ288869;TL;32342.8;32342.8
OZ288718;TL;18741.89;18741.89
OZ288694;TL;41465.52;41465.52
S.ACM.GNN.000145;TL;1570.68;1570.68
S.ACM.GNN.000146;TL;12653.09;12653.09
OZ288869;TL;1901.4;1901.4
OZ288869;TL;4426.98;4426.98
OZ288869;TL;97.52;97.52
OZ288869;TL;125.36;125.36
OZ288869;TL;12992.8;12992.8
OZ288869;TL;3304.8;3304.8
OZ288869;TL;8437.86;8437.86
OZ288869;TL;203.7;203.7
S.ACM.GKÇ.000051;TL;11650;11650
S.ACM.GKÇ.000051;TL;8475;8475
S.ACM.GKÇ.000051;TL;15600;15600
S.ACM.GKÇ.000051;TL;12600;12600
S.ACM.GKÇ.000051;TL;21440;21440
S.ACM.GKÇ.000051;TL;13450;13450
S.ACM.GKÇ.000051;TL;2215;2215
S.ACM.İZM.000027;TL;250000;250000
S.ACM.GNN.000181;TL;125;125
S.ACM.GNN.000181;TL;187.5;187.5
S.ACM.GNN.000114;TL;850;850
S.ACM.GNN.000114;TL;850;850
S.ACM.GNN.000088;TL;905;905
S.ACM.GNN.000137;TL;9625;9625
S.ACM.GNN.000113;TL;250;250
S.ACM.GNN.000116;TL;1300;1300
S.ACM.GNN.000138;TL;11340;11340
S.ACM.GNN.000139;TL;7800;7800
S.ACM.GNN.000140;TL;500;500
S.ACM.GNN.000140;TL;1350;1350
S.ACM.GNN.000181;TL;210;210
S.ACM.GNN.000166;TL;1670;1670
S.ACM.GNN.000178;TL;475;475
S.ACM.GNN.000089;TL;187.5;187.5
S.ACM.GNN.000141;TL;125;125
S.ACM.GNN.000114;TL;700;700
S.ACM.GNN.000106;TL;437.5;437.5
S.ACM.GNN.000106;TL;245;245
S.ACM.GNN.000117;TL;1042;1042
S.ACM.GNN.000117;TL;1042;1042
S.ACM.GNN.000117;TL;450;450
S.ACM.GNN.000149;TL;2075;2075
S.ACM.GNN.000149;TL;1475;1475
S.ACM.GNN.000150;TL;1500;1500
S.ACM.GKÇ.000074;TL;12500.01;12500.01
S.ACM.GKÇ.000086;TL;1083.3334;1083.3334
000000000000465;TL;2000;2000
000000000000465;TL;120;120
000000000000465;TL;1500;1500
000000000000465;TL;1400;1400
000000000000465;TL;833.33;833.33
000000000000465;TL;1050;1050
S.ACM.GKÇ.000057;TL;833.33;833.33
S.ACM.GKÇ.000057;TL;833.33;833.33
S.ACM.GKÇ.000057;TL;416.67;416.67
S.ACM.GKÇ.000057;TL;333.34;333.34
S.ACM.GKÇ.000084;TL;666.67;666.67
S.ACM.GKÇ.000084;TL;1166.66;1166.66
S.ACM.GKÇ.000085;TL;3040;3040
S.ACM.GKÇ.000085;TL;3333.33;3333.33
S.ACM.GKÇ.000085;TL;166.67;166.67
S.ACM.GKÇ.000085;TL;1625;1625
000000000000465;TL;600;600
S.ACM.GAN.000060;TL;524970;524970
S.ACM.GNN.000168;TL;2500;2500
S.ACM.GNN.000177;TL;1866.5;1866.5
S.ACM.GNN.000177;TL;1546;1546
S.ACM.GNN.000165;TL;3125;3125
S.ACM.GNN.000165;TL;666.5;666.5
S.ACM.GNN.000165;TL;1833;1833
S.ACM.GNN.000165;TL;417;417
S.ACM.GAN.000055;EUR;1164.22;60532.41823948422
S.ACM.GAN.000018;TL;740;740
S.ACM.GKÇ.000072;TL;14200;14200
S.ACM.GKÇ.000072;TL;22500;22500
S.ACM.GNN.000160;TL;117000;117000
S.ACM.GNN.000160;TL;106000;106000
S.ACM.GKÇ.000067;TL;500;500
S1260112850;TL;50801.9;50801.9
S.ACM.GKÇ.000064;EUR;37189.14;1933610.9811261892
S.ACM.GKÇ.000067;TL;6500;6500
S.ACM.GKÇ.000064;EUR;2010.22;104519.31575937191
TI12026000000654;TL;49000;49000
S.ACM.GNN.000176;TL;1041.67;1041.67
S.ACM.GNN.000091;TL;1820;1820
S.ACM.GNN.000091;TL;1040;1040
S.ACM.GNN.000092;TL;1820;1820
S.ACM.GNN.000127;TL;2780;2780
S.ACM.GNN.000127;TL;1740;1740
S.ACM.GNN.000127;TL;1620;1620
S.ACM.GNN.000127;TL;440;440
S.ACM.GNN.000127;TL;170;170
S.ACM.GNN.000127;TL;170;170
S.ACM.GNN.000127;TL;8500;8500
S.ACM.GNN.000127;TL;1100;1100
S.ACM.GNN.000127;TL;510;510
S.ACM.GNN.000127;TL;194;194
S.ACM.GNN.000127;TL;194;194
S.ACM.GNN.000127;TL;560;560
S.ACM.GNN.000127;TL;180;180
S.ACM.GNN.000127;TL;96;96
S.ACM.GNN.000127;TL;660;660
S.ACM.GNN.000127;TL;660;660
S.ACM.GNN.000127;TL;660;660
S.ACM.GNN.000127;TL;1430;1430
S.ACM.GNN.000127;TL;2300;2300
S.ACM.GNN.000127;TL;6800;6800
S.ACM.GNN.000127;TL;1700;1700
S.ACM.GNN.000127;TL;1700;1700
S.ACM.GNN.000127;TL;1900;1900
S.ACM.GNN.000127;TL;2000;2000
S.ACM.GNN.000127;TL;315;315
S.ACM.GNN.000127;TL;2550;2550
S.ACM.GNN.000090;EUR;972.5;50564.134560390994
TY008159;EUR;5523.9;287209.4836998908
TY008159;EUR;12554.33;652749.4410648365
S.ACM.GKÇ.000060;TL;950;950
S.ACM.GKÇ.000089;TL;3749.75;3749.75
S.ACM.GKÇ.000089;TL;3749.75;3749.75
S.ACM.GKÇ.000060;TL;1060;1060
S.ACM.GNN.000108;EUR;4005.41;208257.16216918835
S.ACM.GNN.000144;TL;3208.33;3208.33
S.ACM.GNN.000148;TL;2766.67;2766.67
S.ACM.GNN.000180;TL;7083.33;7083.33
S.ACM.GNN.000115;TL;2375;2375
S.ACM.GNN.000119;TL;354.17;354.17
S.ACM.GNN.000109;TL;7583.33;7583.33
S.ACM.GNN.000109;TL;1000;1000
S.ACM.YNÇ.000003;TL;1900000;1900000
S.ACM.YNÇ.000003;TL;1900000;1900000
S.ACM.YNÇ.000003;TL;1900000;1900000
S.ACM.YNÇ.000003;TL;1900000;1900000
S.ACM.YNÇ.000003;TL;1900000;1900000
S.ACM.GAN.000052;TL;12623.76;12623.76
S.ACM.GNN.000112;TL;1150;1150
S.ACM.GNN.000093;TL;350;350
S.ACM.GNN.000093;TL;400;400
S.ACM.GNN.000093;TL;200;200
S.ACM.GNN.000143;TL;450;450
S.ACM.GNN.000142;TL;2400;2400
S.ACM.GKÇ.000052;EUR;919.19;47792.336089013676
S.ACM.GKÇ.000082;EUR;11372.27;591289.4504237508
S.ACM.GKÇ.000082;EUR;7581.51;394192.7936359382
S.ACM.YNÇ.000006;EUR;4519.56;234989.8611761036
S.ACM.YNÇ.000006;EUR;401.74;20888.056985389696
S.ACM.GKÇ.000059;TL;22250;22250
S.ACM.GKÇ.000066;TL;35900;35900
S.ACM.GKÇ.000066;TL;15900;15900
S.ACM.GKÇ.000059;TL;9750;9750
000000000005555;TL;312.5;312.5
S.ACM.GNN.000147;TL;275.55;275.55
S.ACM.GNN.000147;TL;6582.1;6582.1
S.ACM.GNN.000107;USD;2794.109676;121393.30390580876
S.ACM.GNN.000147;TL;752.4;752.4
S.ACM.GNN.000107;USD;1031.67;44822.08802189687
S.ACM.GKÇ.000065;TL;88260.71;88260.71
00000001;TL;5580;5580
S.ACM.GKÇ.000095;TL;334;334
S.ACM.GKÇ.000095;TL;167;167
S.ACM.GKÇ.000095;TL;335;335
S.ACM.GKÇ.000095;TL;334;334
S.ACM.GKÇ.000095;TL;500;500
S.ACM.GKÇ.000095;TL;6680;6680
S.ACM.GKÇ.000095;TL;2500;2500
S.ACM.GKÇ.000095;TL;250;250
S.ACM.GKÇ.000095;TL;250;250
S.ACM.GKÇ.000095;TL;1250;1250
S.ACM.GKÇ.000095;TL;334;334
S.ACM.GKÇ.000095;TL;668;668
S.ACM.GKÇ.000095;TL;167;167
S.ACM.GKÇ.000095;TL;1250;1250
S.ACM.GKÇ.000095;TL;10000;10000
S.ACM.GKÇ.000095;TL;1250;1250
S.ACM.GKÇ.000095;TL;417;417
S.ACM.GKÇ.000095;TL;335;335
S.ACM.GKÇ.000095;TL;1334;1334
00000000000565;TL;7250;7250
S.ACM.GKÇ.000046;TL;319.6;319.6
00000000000565;TL;1500;1500
00000000000565;TL;15000;15000
S.ACM.GKÇ.000046;TL;799;799
S.ACM.GKÇ.000046;TL;869;869
S.ACM.GKÇ.000046;TL;799;799
S.ACM.GKÇ.000046;TL;799;799
S.ACM.GKÇ.000094;TL;248600;248600
S.ACM.GKÇ.000099;TL;4800;4800
S.ACM.GKÇ.000099;TL;4082;4082
S.ACM.GKÇ.000094;TL;252216;252216
DNY0000060;TL;8500;8500
S.ACM.GKÇ.000053;TL;1000;1000
S.ACM.GKÇ.000053;TL;14000;14000
S.ACM.GKÇ.000093;TL;19000;19000
S.ACM.GKÇ.000061;TL;28500;28500
IMS 14190-26;TL;284000;284000
S.ACM.GAN.000041;TL;300;300
S.ACM.GAN.000048;EUR;8534.1;443721.7282795196
S.ACM.GAN.000067;EUR;8746.72;454776.68590443506
S.ACM.GAN.000030;EUR;52070.32;2707342.5882597617
S.ACM.GAN.000044;EUR;52265.84;2717508.4490199136
S.ACM.GAN.000046;TL;6000;6000
S.ACM.GAN.000045;TL;7500;7500
S.ACM.GAN.000049;EUR;13052.16;678633.5985025737
S.ACM.GAN.000027;EUR;32619.85;1696035.459886653
S.ACM.GAN.000028;EUR;30110.64;1565571.6736858524
S.ACM.GAN.000047;EUR;52208.64;2714534.3940102947
S.ACM.GAN.000068;EUR;162071.64;8426747.77725784
S.ACM.GAN.000029;EUR;50184.4;2609286.122809754
TI12026000000653;TL;37000;37000
S.ACM.GAN.000058;TL;5000;5000
S.ACM.GNN.000104;TL;999.98;999.98
S.ACM.GNN.000098;TL;962.5;962.5
S.ACM.GNN.000099;TL;1400;1400
S.ACM.GNN.000100;TL;916.67;916.67
S.ACM.GNN.000101;TL;4052;4052
S.ACM.GNN.000105;TL;1140;1140
S.ACM.GNN.000102;TL;1200;1200
S.ACM.GNN.000103;TL;581.67;581.67
S.ACM.GNN.000163;TL;2085;2085
S.ACM.GAN.000059;TL;669.16;669.16
S.ACM.GAN.000039;TL;1030.8;1030.8
S.ACM.GAN.000035;TL;496.26;496.26
S.ACM.GAN.000035;TL;368.01;368.01
S.ACM.GAN.000070;TL;2163.6;2163.6
S.ACM.İZM.000025;TL;16895.82;16895.82
S.ACM.GNN.000097;TL;13125;13125
S.ACM.GNN.000124;TL;525;525
S.ACM.GNN.000161;TL;28130;28130
S.ACM.GNN.000134;TL;3278.01;3278.01
S.ACM.GNN.000122;TL;6400;6400
S.ACM.GNN.000110;TL;7125;7125
S.ACM.GNN.000118;TL;1000;1000
S.ACM.GNN.000133;EUR;7580.29;394129.36099412467
S.ACM.GNN.000126;TL;999.67;999.67
S.ACM.GNN.000087;TL;29000;29000
S.ACM.GNN.000120;TL;604.8;604.8
S.ACM.GNN.000120;TL;264.6;264.6
S.ACM.GNN.000120;TL;243.6;243.6
S.ACM.GNN.000120;TL;474.6;474.6
S.ACM.GNN.000120;TL;987;987
S.ACM.GKÇ.000070;USD;99102.66;4305628.882999523
S.ACM.GNN.000164;USD;259348.2;11267680.410131643
S.ACM.GNN.000164;USD;259348.2;11267680.410131643
S.ACM.GAN.000072;USD;69332.32;3012222.270495721
S.ACM.GAN.000066;TL;1100;1100
TI12026000000796;TL;30000;30000
S.ACM.GAN.000071;TL;56500;56500
S.ACM.GAN.000071;TL;170000;170000
S.ACM.GAN.000071;TL;74500;74500
S.ACM.GAN.000071;TL;81000;81000
S.ACM.GNN.000125;EUR;56174.47;2920733.634898352
S.ACM.GNN.000125;EUR;11244.93;584668.5384495398
S.ACM.GNN.000131;USD;3490.49;151648.3468740496
S.ACM.GNN.000131;USD;2197.72;95482.46947908067
S.ACM.GNN.000131;USD;13789.6;599105.009340922
S.ACM.GNN.000131;USD;5171.1;224664.37850284574
S.ACM.GNN.000131;USD;1034.22;44932.875700569144
S.ACM.GNN.000131;USD;6463.88;280830.69035929965
S.ACM.GNN.000131;USD;1422.05;61782.59547291133
S.ACM.GNN.000131;USD;28441.05;1235654.0817656515
S.ACM.GNN.000131;USD;4653.99;202197.94065256114
S.ACM.GNN.000132;EUR;16315.2;848291.9981282172
0050059315;TL;0;0
0050059315;TL;16200;16200
T202600000000233;EUR;2009.15;104463.6822128633
T202600000000186;EUR;3013.72;156695.26334945144
T202600000000233;EUR;7032.02;365622.6277751781
T202600000000186;EUR;5022.87;261158.94556231477
T202600000000186;EUR;5022.87;261158.94556231477
T202600000000186;EUR;7032.02;365622.6277751781
T202600000000186;EUR;3516.01;182811.31388758906
T202600000000233;EUR;5022.87;261158.94556231477
T202600000000186;EUR;2511.44;130579.73275100088
TI12026000000767;TL;53000;53000
TI12026000000795;TL;53000;53000
TI12026000000067;TL;19000;19000
TI12026000000563;TL;18500;18500
2026/017;TL;2639;2639
2026/035;TL;5566;5566
2026/035;TL;790;790
2026/035;TL;8900;8900
2026/035;TL;660;660
2026/035;TL;24222;24222
2026/005;TL;22845;22845
2026/005;TL;4652;4652
2026/005;TL;8840;8840
2026/005;TL;464;464
2026/005;TL;5500;5500
2026/005;TL;42986;42986
2026/005;TL;2250;2250
2026/017;TL;8950;8950
2026/005;TL;665;665
2026/005;TL;9745;9745
2026/005;TL;38884;38884
2026/005;TL;3440;3440
2026/005;TL;19760;19760
2026/017;TL;3000;3000
2026/005;TL;1056;1056
2026/017;TL;4500;4500
2026/017;TL;4500;4500
2026/017;TL;17934;17934
2026/017;TL;870;870
2026/035;TL;20000;20000
2026/017;TL;4875;4875
2026/017;TL;7745;7745
2026/017;TL;5330;5330
2026/017;TL;1530;1530
2026/017;TL;12540;12540
2026/035;TL;2850;2850
2026/017;TL;10578;10578
2026/017;TL;1150;1150
2026/017;TL;1644;1644
2026/017;TL;1125;1125
2026/017;TL;6368;6368
2026/035;TL;4654;4654
2026/035;TL;7500;7500
2026/035;TL;1700;1700
2026/035;TL;1350;1350
2026/035;TL;6156;6156
2026/035;TL;2200;2200
2026/035;TL;564;564
2026/035;TL;4960;4960
2026/035;TL;7530;7530
2026/035;TL;1370;1370
2026/035;TL;25566;25566
2026/035;TL;9880;9880
2026/035;TL;1180;1180
2026/035;TL;1760;1760
2026/035;TL;580;580
2026/035;TL;4500;4500
2026/035;TL;1960;1960
2026/035;TL;2986;2986
000000000000260;EUR;3745539.18;194745446.88816097
000000000000263;EUR;32696.04;1699996.880361878
000000000000263;EUR;30180.96;1569227.8895648103
000000000000261;TL;45247.41;45247.41
000000000000261;TL;10557.73;10557.73
000000000000263;EUR;0;0
000000000000262;EUR;90542.88;4707683.668694432
000000000000262;EUR;20120.64;1046151.9263765402
000000000000260;EUR;230958.18;12008432.381843705
250416T0037B;EUR;689131.92;35830703.478396505
250416T0037B;EUR;5467783.92;284291785.9928248
000000000000264;TL;10061.56;10061.56
000000000000264;TL;11067.72;11067.72
S.ACM.GKÇ.000071;TL;1100;1100
S.ACM.GKÇ.000071;TL;5500;5500
S.ACM.GKÇ.000071;TL;100650;100650
S.ACM.GKÇ.000092;TL;25300;25300
S.ACM.GKÇ.000092;TL;29700;29700
S.ACM.GKÇ.000092;TL;31900;31900
GP251217;TL;22000;22000
GP251217;TL;382000;382000
S.ACM.GAN.000069;EUR;55567.44;2889171.736078615
0000000000003630;TL;3418.5;3418.5
0000000000003628;TL;12000;12000
0000000000003628;TL;12000;12000
00003598;TL;1200;1200
0000000000003630;TL;3422.9;3422.9
S.ACM.GKÇ.000054;TL;14000;14000
S.ACM.GKÇ.000076;TL;7000;7000
S.ACM.GKÇ.000098;TL;5000;5000
S.ACM.GKÇ.000100;TL;5000;5000
S.ACM.GKÇ.000101;TL;7000;7000
*663237;USD;45385.94;1971844.2890037799
*663237;USD;900729.27;39133217.621757835
*663237;USD;2498.39;108545.42294825564
*663237;USD;88580.38;3848476.3435721425
S.ACM.GKÇ.000088;TL;5000;5000
S.ACM.GKÇ.000088;TL;5000;5000
S.ACM.GKÇ.000088;TL;36000;36000
S.ACM.GKÇ.000088;TL;2850;2850
S.ACM.GKÇ.000088;TL;10000;10000
S.ACM.GKÇ.000088;TL;10000;10000
S.ACM.GKÇ.000088;TL;220000;220000
ÖNCÜ28;TL;2100;2100
ÖNCÜ-28;TL;1600;1600
ÖNCÜ-28;TL;1200;1200
ÖNCÜ- 28;TL;2400;2400
ÖNCÜ- 28;TL;2625;2625
ÖNCÜ- 28;TL;3000;3000
ÖNCÜ-28;TL;8500;8500
ÖNCÜ-29;TL;7200;7200
ÖNCÜ-29;TL;660;660
ÖNCÜ-29;TL;5200;5200
ÖNCÜ-29;TL;2000;2000
ÖNCÜ-29;TL;3500;3500
A45;TL;2499.9;2499.9
A 44;TL;400;400
A45;TL;67500;67500
S.ACM.YNÇ.000004;TL;26400;26400
S.ACM.GKÇ.000091;TL;3500;3500
A44;TL;18000;18000
A 44;TL;5400;5400
S.ACM.GKÇ.000056;TL;1860;1860
000000000000352;TL;1400;1400
000000000002542;TL;35000;35000
000000000002542;TL;35000;35000
000000000002542;TL;31250;31250
000000000002542;TL;39375;39375
000000000002542;TL;35000;35000
000000000002542;TL;35000;35000
S.ACM.GKÇ.000047;TL;35000;35000
S.ACM.GKÇ.000058;TL;31500;31500
S.ACM.GKÇ.000058;TL;25000;25000
S.ACM.GKÇ.000058;TL;31500;31500
S.ACM.GKÇ.000073;TL;31500;31500
S.ACM.GKÇ.000073;TL;35437.5;35437.5
S.ACM.GKÇ.000073;TL;25000;25000
S.ACM.GKÇ.000073;TL;25000;25000
S.ACM.GKÇ.000047;TL;35000;35000
S.ACM.GKÇ.000047;TL;35000;35000
S.ACM.GKÇ.000073;TL;3937.5;3937.5
S.ACM.GKÇ.000073;TL;3937.5;3937.5
S.ACM.GKÇ.000087;TL;25000;25000
S.ACM.GKÇ.000087;TL;25000;25000
S.ACM.GKÇ.000058;TL;31500;31500
S.ACM.GKÇ.000058;TL;31500;31500
S.ACM.GKÇ.000087;TL;25000;25000
S.ACM.GKÇ.000087;TL;25000;25000
S.ACM.GKÇ.000087;TL;25000;25000
S.ACM.GKÇ.000087;TL;25000;25000
S.ACM.GKÇ.000073;TL;25000;25000
S.ACM.GKÇ.000073;TL;48437.5;48437.5
S.ACM.GAN.000040;TL;750;750
S.ACM.GAN.000064;TL;300;300
S.ACM.GAN.000034;TL;1250;1250
S.ACM.GAN.000020;TL;200;200
S.ACM.GAN.000020;TL;200;200
S.ACM.GAN.000036;TL;1700;1700
S.ACM.GAN.000019;TL;50;50
S.ACM.GAN.000025;TL;1000;1000
S.ACM.GAN.000025;TL;1250;1250
S.ACM.GAN.000057;EUR;16704.07;868510.8927364425
S.ACM.GAN.000057;EUR;246.51;12817.033224145998
S.ACM.GAN.000057;EUR;246.51;12817.033224145998
S.ACM.GAN.000057;EUR;246.51;12817.033224145998
S.ACM.GAN.000017;TL;1181.82;1181.82
S.ACM.GAN.000026;TL;1181.82;1181.82
S.ACM.GAN.000061;TL;1181.82;1181.82
S.ACM.GAN.000043;TL;1181.82;1181.82
S.ACM.GAN.000043;TL;1181.82;1181.82
S.ACM.GAN.000043;TL;1181.82;1181.82
S.ACM.GAN.000031;TL;1181.82;1181.82
S.ACM.GAN.000043;TL;1181.82;1181.82
S.ACM.GAN.000061;TL;1181.82;1181.82
S.ACM.GAN.000053;TL;1181.82;1181.82
S.ACM.GAN.000017;TL;1181.82;1181.82
S.ACM.GAN.000017;TL;1181.82;1181.82
S.ACM.GAN.000063;USD;71441.37;3103852.3699874007
2026-M-1025;EUR;22597.79;1174948.7859408308
2026-M-1025;EUR;149145.38;7754660.219414548
2026-M-1025;EUR;39169.49;2036577.2370405032
S.ACM.GKÇ.000048;TL;1250.04;1250.04
S.ACM.GKÇ.000062;TL;3333.44;3333.44
S.ACM.GNN.000179;TL;456960;456960
S.ACM.YNÇ.000005;TL;20000;20000
S.ACM.GKÇ.000077;TL;4170;4170
S.ACM.YNÇ.000005;TL;540000;540000
S.ACM.GNN.000121;USD;5167.31;224499.71760003478
S.ACM.GKÇ.000081;TL;3966;3966
S.ACM.GKÇ.000081;TL;2682;2682
S.ACM.GKÇ.000081;TL;788;788
S.ACM.GKÇ.000081;TL;350;350
S.ACM.GKÇ.000081;TL;882;882
S.ACM.GKÇ.000081;TL;1660;1660
S.ACM.GKÇ.000081;TL;260;260
S.ACM.GKÇ.000081;TL;3600;3600
S.ACM.GKÇ.000081;TL;7000;7000
S.ACM.GKÇ.000090;TL;350;350
S.ACM.GKÇ.000090;TL;150;150
S.ACM.GKÇ.000090;TL;3000;3000
S.ACM.GKÇ.000090;TL;350;350
S.ACM.GKÇ.000090;TL;2500;2500
S.ACM.GKÇ.000090;TL;600;600
S.ACM.GKÇ.000090;TL;700;700
S.ACM.GKÇ.000090;TL;1350;1350
2026/78;TL;2800;2800
2026/78;TL;7500;7500
2026/78;TL;9500;9500
2026/78;TL;2750;2750
2026/78;TL;5400;5400
2026/78;TL;960;960
2026/78;TL;31250;31250
2026/78;TL;9000;9000
2026/78;TL;5000;5000
2026/78;TL;6250;6250
2026/78;TL;3750;3750
2026/78;TL;28750;28750
2026/78;TL;2500;2500
2026/78;TL;2750;2750
2026/78;TL;4750;4750
2026/78;TL;6150;6150
2026/78;TL;6000;6000
2026/78;TL;225;225
2026/78;TL;6000;6000
2026/78;TL;1760;1760
TESTKURUMSOFT;TL;10;10
S.ACM.GAN.000054;TL;124000;124000
S.ACM.GAN.000054;TL;29250;29250
S.ACM.GNN.000151;TL;17850;17850
S.ACM.GNN.000152;TL;20700;20700
S.ACM.GNN.000153;TL;18900;18900
S.ACM.GNN.000157;TL;3100;3100
S.ACM.GNN.000096;TL;2900;2900
S.ACM.GNN.000096;TL;350;350
S.ACM.GNN.000158;TL;2500;2500
S.ACM.GNN.000156;TL;8200;8200
S.ACM.GNN.000154;TL;39280;39280
S.ACM.GNN.000155;TL;1591;1591
S.ACM.GNN.000094;TL;1600;1600
S.ACM.GNN.000135;TL;1500;1500
S.ACM.GNN.000136;TL;800;800
S.ACM.GNN.000095;TL;1680;1680
S.ACM.GNN.000111;TL;4980;4980
S.ACM.GNN.000170;TL;480;480
S.ACM.GNN.000170;TL;600;600
S.ACM.GNN.000170;TL;6300;6300
S.ACM.GNN.000170;TL;8700;8700
S.ACM.GNN.000170;TL;1000;1000
S.ACM.GNN.000170;TL;840;840
S.ACM.GNN.000170;TL;3200;3200
S.ACM.GNN.000170;TL;1200;1200
S.ACM.GNN.000170;TL;1170;1170
S.ACM.GNN.000170;TL;560;560
S.ACM.GNN.000170;TL;240;240
S.ACM.GNN.000123;TL;7380;7380
S.ACM.GNN.000123;TL;6840;6840
S.ACM.GAN.000022;USD;139876.79;6077107.789894426
S.ACM.GAN.000022;USD;123420.7;5362154.060042577
S.ACM.GNN.000129;USD;50159.67;2179244.4714776035
S.ACM.GNN.000130;USD;9825.09;426862.3191554069
TESTKURUMSOFT2;TL;1;1
QUO-248406-X9L6J;EUR;4970.62;258442.26069775905
QUO-248406-X9L6J;EUR;6677.7;347200.12478552485
QUO-248406-X9L6J;EUR;7711.99;400976.966671866
QUO-248406-X9L6J;EUR;7711.99;400976.966671866
QUO-248406-X9L6J;EUR;7711.99;400976.966671866
QUO-248406-X9L6J;EUR;7711.99;400976.966671866
QUO-249201-X6B3W;EUR;12811.82;666137.3680653044
QUO-250931-X5G8B;EUR;3300.32;171596.73477876568
QUO-250931-X5G8B;EUR;632.73;32898.143815317424
S.ACM.GAN.000023;TL;760;760
S.ACM.GAN.000024;TL;1500;1500
S.ACM.GAN.000024;TL;1125;1125
S.ACM.GAN.000024;TL;510;510
S.ACM.GAN.000024;TL;300;300
S.ACM.GAN.000024;TL;300;300
S.ACM.GAN.000024;TL;1040;1040
S.ACM.GKÇ.000097;TL;1500;1500
S.ACM.GKÇ.000097;TL;1200;1200
S.ACM.GKÇ.000097;TL;175;175
S.ACM.GKÇ.000097;TL;500;500
S.ACM.GKÇ.000079;TL;755;755
S.ACM.GKÇ.000079;TL;870;870
ACEM135;TL;1380;1380
ACEM135;TL;1800;1800
S.ACM.GKÇ.000068;TL;4440;4440
S.ACM.GKÇ.000068;TL;5856;5856
S.ACM.GKÇ.000069;TL;15900;15900
S.ACM.GKÇ.000069;TL;1037.5;1037.5
S.ACM.GKÇ.000069;TL;6250;6250
S.ACM.GKÇ.000083;TL;5570;5570
S.ACM.GKÇ.000083;TL;3050;3050
S.ACM.GKÇ.000083;TL;14500;14500
S.ACM.GKÇ.000075;TL;7400;7400
S.ACM.GKÇ.000080;TL;292;292
S.ACM.GKÇ.000080;TL;292;292
S.ACM.GKÇ.000080;TL;314;314
S.ACM.GKÇ.000080;TL;396;396
ACEM 135;TL;690;690
ACEM 135;TL;600;600
ACEM135;TL;8880;8880
ACEM135;TL;11712;11712
S.ACM.GKÇ.000079;TL;384;384
S.ACM.GKÇ.000079;TL;1563;1563
ACEM135;TL;5925;5925
ACEM 144;TL;6000;6000
ACEM 144;TL;3400;3400
S.ACM.GKÇ.000079;TL;1500;1500
S.ACM.GKÇ.000079;TL;310;310
S.ACM.GKÇ.000079;TL;156;156
S.ACM.GKÇ.000079;TL;130;130
S.ACM.GKÇ.000079;TL;570;570
S.ACM.GKÇ.000079;TL;145;145
S.ACM.GKÇ.000079;TL;1190;1190
S.ACM.GKÇ.000079;TL;246;246
S.ACM.GKÇ.000079;TL;300;300
S.ACM.GKÇ.000079;TL;225;225
S.ACM.GKÇ.000079;TL;584;584
S.ACM.GKÇ.000079;TL;292;292
S.ACM.GKÇ.000079;TL;142;142
S.ACM.GKÇ.000079;TL;360;360
S.ACM.GKÇ.000079;TL;148;148
S.ACM.GKÇ.000079;TL;76;76
S.ACM.GKÇ.000079;TL;1832;1832
S.ACM.GKÇ.000079;TL;193;193
S.ACM.GKÇ.000079;TL;645;645
S.ACM.GKÇ.000080;TL;225;225
S.ACM.GKÇ.000080;TL;302;302
S.ACM.GKÇ.000079;TL;500;500
S.ACM.GKÇ.000079;TL;525;525
S.ACM.GKÇ.000079;TL;548;548
S.ACM.GKÇ.000079;TL;2345;2345
S.ACM.GKÇ.000080;TL;135;135
S.ACM.GKÇ.000080;TL;142;142
S.ACM.GKÇ.000079;TL;265;265
S.ACM.GKÇ.000079;TL;1045;1045
S.ACM.GKÇ.000080;TL;145;145
S.ACM.GKÇ.000080;TL;384;384
S.ACM.GKÇ.000080;TL;985;985
S.ACM.GKÇ.000080;TL;672;672
S.ACM.GKÇ.000080;TL;370;370
S.ACM.GKÇ.000080;TL;570;570
S.ACM.GKÇ.000080;TL;755;755
S.ACM.GKÇ.000080;TL;870;870
S.ACM.GKÇ.000080;TL;220;220
S.ACM.GKÇ.000080;TL;271;271
S.ACM.GKÇ.000080;TL;142;142
S.ACM.GKÇ.000080;TL;148;148
S.ACM.GKÇ.000080;TL;155;155
S.ACM.GKÇ.000080;TL;155;155
S.ACM.GKÇ.000080;TL;265;265
S.ACM.GKÇ.000080;TL;1045;1045
S.ACM.GKÇ.000080;TL;158;158
S.ACM.GKÇ.000080;TL;161;161
S.ACM.GKÇ.000080;TL;181;181
S.ACM.GKÇ.000080;TL;193;193
S.ACM.GKÇ.000049;TL;159;159
S.ACM.GKÇ.000050;TL;457;457
S.ACM.GKÇ.000063;TL;7400;7400
S.ACM.GKÇ.000063;TL;7400;7400
S.ACM.GKÇ.000063;TL;3750;3750
S.ACM.GKÇ.000063;TL;3750;3750
S.ACM.GKÇ.000055;TL;570;570
S.ACM.GKÇ.000055;TL;100;100
S.ACM.GKÇ.000050;TL;600;600
S.ACM.GKÇ.000050;TL;1290;1290
S.ACM.GKÇ.000050;TL;630;630
S.ACM.GKÇ.000050;TL;1080;1080
S.ACM.GKÇ.000050;TL;3050;3050
S.ACM.GKÇ.000050;TL;2227.5;2227.5
S.ACM.GKÇ.000050;TL;2412.5;2412.5
S.ACM.GKÇ.000049;TL;703.75;703.75
S.ACM.GKÇ.000049;TL;3000;3000
S.ACM.GKÇ.000049;TL;225;225
S.ACM.GKÇ.000049;TL;200;200
S.ACM.GKÇ.000049;TL;450;450
S.ACM.GKÇ.000049;TL;405;405
S.ACM.GKÇ.000049;TL;500;500
S.ACM.GKÇ.000049;TL;1175;1175
S.ACM.GKÇ.000049;TL;540;540
S.ACM.GKÇ.000049;TL;375;375
S.ACM.GKÇ.000049;TL;3880;3880
S.ACM.GKÇ.000049;TL;3375;3375
S.ACM.GKÇ.000049;TL;125;125
S.ACM.GKÇ.000049;TL;175;175
S.ACM.GKÇ.000050;TL;1260;1260
S.ACM.GKÇ.000050;TL;2900;2900
S.ACM.GKÇ.000049;TL;275;275
S.ACM.GKÇ.000049;TL;140;140
S.ACM.GKÇ.000049;TL;380;380
S.ACM.GKÇ.000049;TL;250;250
S.ACM.GKÇ.000079;TL;1211;1211
S.ACM.GKÇ.000080;TL;478;478
S.ACM.GKÇ.000083;TL;620;620
ACEM 135;TL;65;65
ACEM135;TL;2897;2897
ACEM 144;TL;350;350
S176;TL;1175000;1175000
S176;TL;1175000;1175000
S177;TL;3807000;3807000
S177;TL;3807000;3807000
S178;TL;2938000;2938000
AR-3728;;4292.22;4292.22
AR-3728;;304747.34;304747.34
S.ACM.GNN.000159;USD;129618.3;5631415.909979581
S.ACM.GNN.000159;USD;129618.3;5631415.909979581
S.ACM.GNN.000159;USD;64809.15;2815707.9549897905
TI12026000000655;TL;30000;30000
S.ACM.İZM.000026;USD;15521.29;674340.2702350437
S.ACM.İZM.000026;USD;20695.06;899120.6499543816
S.ACM.İZM.000026;USD;12072.12;524487.1182169701
S.ACM.İZM.000026;USD;3449.18;149853.58647955858
S.ACM.İZM.000026;USD;8191.79;355901.7248120954
S.ACM.GAN.000021;EUR;3400.44;176802.3709249727
S.ACM.GAN.000062;EUR;2155.68;112082.3584464202
S.ACM.GAN.000073;EUR;2336.04;121459.99064108563
S.ACM.GAN.000038;TL;61425;61425
S.ACM.GAN.000038;TL;137760;137760
S.ACM.GAN.000037;TL;612;612
S.ACM.GAN.000037;TL;658.5;658.5
S.ACM.GAN.000037;TL;705.75;705.75
S.ACM.GAN.000037;TL;1035;1035
S.ACM.GAN.000037;TL;1788;1788
S.ACM.GAN.000050;TL;73333.35;73333.35
S.ACM.GAN.000051;USD;1659915.95;72116954.85945171
S.ACM.İZM.000028;TL;400;400
S.ACM.GNN.000162;TL;736;736
S.ACM.GNN.000172;TL;470;470
S.ACM.GNN.000172;TL;525.6;525.6
S.ACM.GNN.000172;TL;696;696
S.ACM.GNN.000172;TL;815;815
S.ACM.GNN.000172;TL;2065;2065
S.ACM.GNN.000172;TL;2740;2740
S.ACM.GNN.000172;TL;3150;3150
S.ACM.GNN.000172;TL;4810;4810
S.ACM.GNN.000172;TL;5430;5430
S.ACM.GNN.000174;TL;3900;3900
S.ACM.GNN.000172;TL;1100;1100
S.ACM.GNN.000172;TL;1345;1345
S.ACM.GNN.000172;TL;1772.5;1772.5
S.ACM.GNN.000173;TL;120;120
S.ACM.GNN.000173;TL;120;120
S.ACM.GNN.000173;TL;120;120
S.ACM.GNN.000169;TL;8200;8200
S.ACM.GNN.000173;TL;120;120
S.ACM.GNN.000167;TL;1080;1080
S.ACM.GNN.000175;TL;475;475
S.ACM.GNN.000175;TL;530;530
S.ACM.GNN.000173;TL;120;120
S.ACM.GNN.000171;TL;180.4;180.4
S.ZYT.MRK.000040;TL;1600;1600
S.ZYT.MRK.000042;TL;4000;4000
S.ZYT.MRK.000043;TL;15000;15000
S.ZYT.MRK.000044;TL;1345;1345
S.ZYT.MRK.000044;TL;128000;128000
S.ZYT.MRK.000044;TL;6200;6200
S.ZYT.MRK.000044;TL;960;960
S.ZYT.MRK.000044;TL;2100;2100
S.ZYT.MRK.000044;TL;2750;2750
S.ZYT.MRK.000044;TL;1425;1425
S.ZYT.MRK.000045;TL;870;870
S.ZYT.MRK.000045;TL;60;60
S.ZYT.MRK.000046;TL;3000;3000
S.ZYT.MRK.000046;TL;2041.67;2041.67
S.ZYT.MRK.000047;TL;21000;21000
S.ZYT.MRK.000048;TL;17586.8;17586.8
S.ZYT.MRK.000048;TL;8084.2;8084.2
S.ZYT.MRK.000048;TL;1992.8;1992.8
S.ZYT.MRK.000048;TL;2062.5;2062.5
S.ZYT.MRK.000048;TL;471.64;471.64
S.ZYT.MRK.000049;TL;150382.05;150382.05
S.ZYT.MRK.000050;EUR;38676.099;2010923.8808298237
S.ZYT.MRK.000051;TL;520;520
S.ZYT.MRK.000051;TL;76.7;76.7
S.ZYT.MRK.000052;TL;1400;1400
S.ZYT.MRK.000054;TL;940;940
S.ZYT.MRK.000054;TL;350;350
S.ZYT.MRK.000054;TL;480;480
S.ZYT.MRK.000055;TL;1438.2;1438.2
S.ZYT.MRK.000056;TL;1500;1500
S.ZYT.MRK.000056;TL;3750;3750
S.ZYT.MRK.000056;TL;500;500
S.ZYT.MRK.000057;TL;1302;1302
S.ZYT.MRK.000057;TL;930;930
S.ZYT.MRK.000057;TL;930;930
S.ZYT.MRK.000057;TL;650;650
S.ZYT.MRK.000057;TL;1300;1300
S.ZYT.MRK.000057;TL;4475;4475
S.ZYT.MRK.000057;TL;110;110
S.ZYT.MRK.000057;TL;800;800
S.ZYT.MRK.000058;TL;880;880
S.ZYT.MRK.000058;TL;880;880
S.ZYT.MRK.000058;TL;880;880
S.ZYT.MRK.000058;TL;880;880
S.ZYT.MRK.000058;TL;1500;1500
S.ZYT.MRK.000058;TL;1500;1500
S.ZYT.MRK.000058;TL;500;500
S.ZYT.MRK.000058;TL;350;350
S.ZYT.MRK.000058;TL;700;700
S.ZYT.MRK.000058;TL;1050;1050
S.ZYT.MRK.000059;TL;13500;13500
S.ZYT.MRK.000060;TL;12000;12000
S.ZYT.MRK.000061;TL;1500;1500
S.ZYT.MRK.000062;EUR;1263425.78;65690520.45962668
S.ZYT.MRK.000063;TL;237600;237600
S.ZYT.MRK.000063;TL;165600;165600
S.ZYT.MRK.000064;TL;3744;3744
S.ZYT.MRK.000064;TL;375;375
S.ZYT.MRK.000064;TL;950;950
S.ZYT.MRK.000064;TL;1050;1050
S.ZYT.MRK.000064;TL;2350;2350
S.ZYT.MRK.000064;TL;2604.8;2604.8
S.ZYT.MRK.000064;TL;1340;1340
S.ZYT.MRK.000064;TL;2604.8;2604.8
S.ZYT.MRK.000064;TL;2240;2240
S.ZYT.MRK.000064;TL;1280;1280
S.ZYT.MRK.000065;EUR;72288.86;3758584.724171996
S.ZYT.MRK.000066;TL;44142;44142
S.ZYT.MRK.000067;USD;29884.65;1298372.941738715
S.ZYT.MRK.000068;TL;720;720
S.ZYT.MRK.000069;TL;210;210
S.ZYT.MRK.000070;TL;15952.44;15952.44
S.ZYT.MRK.000070;TL;1500.000004;1500.000004
S.ZYT.MRK.000070;TL;11499.999994;11499.999994
S.ZYT.MRK.000070;TL;1604.95;1604.95
S.ZYT.MRK.000070;TL;376.16;376.16
S.ZYT.MRK.000071;TL;16952.25;16952.25
S.ZYT.MRK.000071;TL;8967.86;8967.86
S.ZYT.MRK.000071;TL;3794.09;3794.09
S.ZYT.MRK.000072;TL;18900;18900
S.ZYT.MRK.000073;TL;9800;9800
S.ZYT.MRK.000073;TL;2400;2400
S.ZYT.MRK.000073;TL;177;177
S.ZYT.MRK.000073;TL;2137.18;2137.18
S.ZYT.MRK.000073;TL;2438.8;2438.8
S.ZYT.MRK.000073;TL;800;800
S.ZYT.MRK.000073;TL;7109.57;7109.57
S.ZYT.MRK.000073;TL;15080.91;15080.91
S.ZYT.MRK.000074;TL;49800;49800
S.ZYT.MRK.000075;TL;361760;361760
S.ZYT.MRK.000076;TL;2416.67;2416.67
S.ZYT.MRK.000076;TL;3083.33;3083.33
S.ZYT.MRK.000076;TL;8666.67;8666.67
S.ZYT.MRK.000076;TL;1583.33;1583.33
S.ZYT.MRK.000076;TL;18750;18750
S.ZYT.MRK.000076;TL;2333.33;2333.33
S.ZYT.MRK.000076;TL;1250;1250
S.ZYT.MRK.000076;TL;833.33;833.33
S.ZYT.MRK.000076;TL;833.34;833.34
S.ZYT.MRK.000076;TL;750;750
S.ZYT.MRK.000077;TL;555.12;555.12
S.ZYT.MRK.000078;TL;8400;8400
S.ZYT.MRK.000079;TL;9900;9900
S.ZYT.MRK.000079;TL;37500;37500
S.ZYT.MRK.000080;TL;13802.4;13802.4
S.ZYT.MRK.000080;TL;13507.8;13507.8
S.ZYT.MRK.000080;TL;18545.4;18545.4
S.ZYT.MRK.000080;TL;18018;18018
S.ZYT.MRK.000080;TL;698;698
S.ZYT.MRK.000080;TL;1160.6;1160.6
S.ZYT.MRK.000080;TL;576;576
S.ZYT.MRK.000081;EUR;33395.34;1736356.2626735296
S.ZYT.MRK.000081;EUR;27323.46;1420655.1240056152
S.ZYT.MRK.000081;EUR;46040.03;2393803.878750065
S.ZYT.MRK.000081;EUR;36886.67;1917884.3654136118
S.ZYT.MRK.000082;TL;5600;5600
S.ZYT.MRK.000083;TL;8220;8220
S.ZYT.MRK.000084;TL;535;535
S.ZYT.MRK.000085;TL;915;915
S.ZYT.MRK.000086;TL;247.5;247.5
S.ZYT.MRK.000087;EUR;2269.29;117989.39323038526
S.ZYT.MRK.000087;EUR;6376.85;331557.73930224095
S.ZYT.MRK.000087;EUR;1686.12;87668.07050382155
S.ZYT.MRK.000088;USD;34562.88;1501624.01703089
S.ZYT.MRK.000089;TL;1600;1600
S.ZYT.MRK.000090;TL;8125.01;8125.01
S.ZYT.MRK.000091;TL;105000;105000
S.ZYT.MRK.000092;TL;1000;1000
S.ZYT.MRK.000093;TL;1800;1800
S.ZYT.MRK.000093;TL;1800;1800
S.ZYT.MRK.000093;TL;478.5;478.5
S.ZYT.MRK.000093;TL;780;780
S.ZYT.MRK.000094;TL;638;638
S.ZYT.MRK.000094;TL;2400;2400
S.ZYT.MRK.000094;TL;600;600
S.ZYT.MRK.000095;TL;4950;4950
S.ZYT.MRK.000096;TL;13850;13850
S.ZYT.MRK.000097;TL;2000;2000
S.ZYT.MRK.000098;TL;6520;6520
S.ZYT.MRK.000099;TL;1000;1000
S.KZL.AKH.000001;TL;4000;4000